Cluster,timestamp,keyword
3,2021-01-31,diploma
3,2021-01-31,classmate
3,2021-01-31,educationpolicy
3,2021-01-31,seminar
3,2021-01-31,literature
3,2021-01-31,assessmenttool
3,2021-01-31,teaching
3,2021-01-31,workshop
4,2021-01-31,spaceexploration
4,2021-01-31,stargazing
4,2021-01-31,spacewalk
4,2021-01-31,cosmology
4,2021-01-31,nebula
4,2021-01-31,solarsystem
4,2021-01-31,solar
1,2021-01-31,expedition
2,2021-01-31,tennis
2,2021-01-31,tournament
2,2021-01-31,fitness
2,2021-01-31,technique
2,2021-01-31,coach
2,2021-01-31,equipment
2,2021-01-31,agility
2,2021-01-31,sportsgear
2,2021-01-31,strategy
1,2021-01-31,photography
1,2021-01-31,accommodation
1,2021-01-31,destinationwedding
1,2021-01-31,resort
1,2021-01-31,itinerary
1,2021-01-31,resort
1,2021-01-31,hiking
1,2021-01-31,travelblog
1,2021-01-31,vacation
0,2021-01-31,mealprep
0,2021-01-31,stirfry
0,2021-01-31,steak
0,2021-01-31,recipe
0,2021-01-31,snack
0,2021-01-31,breakfast
0,2021-01-31,baking
0,2021-01-31,cooking
3,2021-02-28,learning
3,2021-02-28,e-learning
3,2021-02-28,achievement
2,2021-02-28,skillset
2,2021-02-28,criticalthinking
3,2021-02-28,knowledge
3,2021-02-28,teacher
3,2021-02-28,research
2,2021-02-28,training
3,2021-02-28,curriculum
1,2021-02-28,expedition
4,2021-02-28,aerospace
4,2021-02-28,solarsystem
4,2021-02-28,orbit
4,2021-02-28,astronomy
4,2021-02-28,blackhole
4,2021-02-28,gravity
4,2021-02-28,gravitation
2,2021-02-28,cricket
2,2021-02-28,basketball
2,2021-02-28,season
2,2021-02-28,fitness
2,2021-02-28,skateboarding
2,2021-02-28,athletics
2,2021-02-28,sportsgear
2,2021-02-28,athlete
2,2021-02-28,fanbase
2,2021-02-28,tennis
1,2021-02-28,vacation
1,2021-02-28,culture
1,2021-02-28,adventuretravel
1,2021-02-28,historical
1,2021-02-28,eco-tourism
1,2021-02-28,cruise
1,2021-02-28,passport
1,2021-02-28,travelcommunity
1,2021-02-28,heritage
1,2021-02-28,sightseeing
0,2021-02-28,brunch
0,2021-02-28,cuisine
0,2021-02-28,stirfry
0,2021-02-28,gluten-free
0,2021-02-28,salad
0,2021-02-28,vegetarian
0,2021-02-28,grilling
0,2021-02-28,menu
0,2021-02-28,barbecue
2,2021-03-31,criticalthinking
3,2021-03-31,degree
3,2021-03-31,diploma
3,2021-03-31,assessmenttool
3,2021-03-31,scholarship
3,2021-03-31,achievement
3,2021-03-31,evaluation
3,2021-03-31,specialization
3,2021-03-31,schooling
3,2021-03-31,college
4,2021-03-31,celestial
4,2021-03-31,gravity
4,2021-03-31,comet
4,2021-03-31,astronomy
4,2021-03-31,rover
4,2021-03-31,milkyway
4,2021-03-31,alien
4,2021-03-31,rocket
4,2021-03-31,observatory
4,2021-03-31,planetaryscience
2,2021-03-31,cycling
2,2021-03-31,fanbase
2,2021-03-31,performance
2,2021-03-31,coach
2,2021-03-31,athletics
2,2021-03-31,basketball
2,2021-03-31,tournament
2,2021-03-31,rugby
2,2021-03-31,sportsgear
1,2021-03-31,destinationwedding
1,2021-03-31,explore
1,2021-03-31,cruise
2,2021-03-31,local
1,2021-03-31,excursion
1,2021-03-31,citytour
2,2021-03-31,budget
2,2021-03-31,technique
0,2021-03-31,seafood
0,2021-03-31,tasting
0,2021-03-31,vegetarian
0,2021-03-31,dip
0,2021-03-31,stirfry
0,2021-03-31,pasta
3,2021-04-30,scholarship
3,2021-04-30,sciencefair
3,2021-04-30,tutoring
3,2021-04-30,matriculation
3,2021-04-30,achievement
2,2021-04-30,training
3,2021-04-30,pedagogy
3,2021-04-30,schooling
1,2021-04-30,expedition
4,2021-04-30,astronomy
4,2021-04-30,observatory
4,2021-04-30,ionosphere
4,2021-04-30,extraterrestrial
4,2021-04-30,alien
4,2021-04-30,probe
2,2021-04-30,baseball
2,2021-04-30,sportsmanship
2,2021-04-30,fanbase
2,2021-04-30,sportsgear
2,2021-04-30,highlights
2,2021-04-30,competition
2,2021-04-30,endurance
1,2021-04-30,adventuretravel
1,2021-04-30,hiking
1,2021-04-30,excursion
1,2021-04-30,cruise
1,2021-04-30,vacation
1,2021-04-30,heritage
3,2021-04-30,experience
1,2021-04-30,journey
1,2021-04-30,transport
0,2021-04-30,restaurant
1,2021-04-30,international
0,2021-04-30,salad
0,2021-04-30,mealprep
0,2021-04-30,cafe
0,2021-04-30,dinner
0,2021-04-30,steak
0,2021-04-30,recipe
3,2021-05-31,classmate
3,2021-05-31,schooling
3,2021-05-31,sciencefair
3,2021-05-31,knowledge
3,2021-05-31,educationpolicy
3,2021-05-31,literature
3,2021-05-31,pedagogy
3,2021-05-31,student
3,2021-05-31,evaluation
3,2021-05-31,assessment
4,2021-05-31,alien
4,2021-05-31,astronomer
4,2021-05-31,ionosphere
4,2021-05-31,darkmatter
4,2021-05-31,extraterrestrial
4,2021-05-31,gravity
4,2021-05-31,astronomy
2,2021-05-31,training
2,2021-05-31,strategy
2,2021-05-31,team
2,2021-05-31,athlete
2,2021-05-31,recovery
2,2021-05-31,sportsgear
2,2021-05-31,injury
2,2021-05-31,cycling
2,2021-05-31,warmup
1,2021-05-31,cruise
1,2021-05-31,journey
1,2021-05-31,culture
1,2021-05-31,destinationwedding
1,2021-05-31,transportation
1,2021-05-31,eco-tourism
1,2021-05-31,travelagent
1,2021-05-31,adventure
1,2021-05-31,backpacking
1,2021-05-31,travelblog
0,2021-05-31,lunch
0,2021-05-31,snack
0,2021-05-31,dining
0,2021-05-31,stirfry
0,2021-05-31,bakery
0,2021-05-31,tasting
0,2021-05-31,salad
0,2021-05-31,catering
0,2021-05-31,dinner
3,2021-06-30,educationpolicy
3,2021-06-30,diploma
2,2021-06-30,skillset
2,2021-06-30,qualification
2,2021-06-30,attendance
3,2021-06-30,university
3,2021-06-30,pedagogy
3,2021-06-30,student
1,2021-06-30,expedition
4,2021-06-30,celestial
4,2021-06-30,astrophysics
4,2021-06-30,cosmic
4,2021-06-30,astronomy
4,2021-06-30,rover
4,2021-06-30,rocket
4,2021-06-30,probe
2,2021-06-30,coach
2,2021-06-30,marathon
2,2021-06-30,agility
2,2021-06-30,basketball
2,2021-06-30,equipment
2,2021-06-30,boxing
2,2021-06-30,training
2,2021-06-30,esports
2,2021-06-30,hockey
1,2021-06-30,resort
1,2021-06-30,heritage
1,2021-06-30,excursion
2,2021-06-30,local
1,2021-06-30,travelcommunity
1,2021-06-30,adventuretravel
1,2021-06-30,eco-tourism
1,2021-06-30,festival
1,2021-06-30,city
1,2021-06-30,flight
0,2021-06-30,bistro
3,2021-06-30,presentation
0,2021-06-30,spice
0,2021-06-30,snack
0,2021-06-30,restaurant
0,2021-06-30,pasta
0,2021-06-30,menu
0,2021-06-30,bakery
0,2021-06-30,mealprep
0,2021-06-30,baking
3,2021-07-31,exams
3,2021-07-31,teaching
3,2021-07-31,learning
3,2021-07-31,homeschooling
3,2021-07-31,assessment
3,2021-07-31,innovation
3,2021-07-31,college
3,2021-07-31,sciencefair
3,2021-07-31,knowledge
3,2021-07-31,certification
4,2021-07-31,comet
4,2021-07-31,astronomer
4,2021-07-31,gravity
4,2021-07-31,star
4,2021-07-31,gravitation
4,2021-07-31,spaceexploration
4,2021-07-31,blackhole
2,2021-07-31,endurance
2,2021-07-31,tournament
2,2021-07-31,gymnastics
2,2021-07-31,records
2,2021-07-31,officiating
2,2021-07-31,technique
1,2021-07-31,skiing
2,2021-07-31,rivalry
2,2021-07-31,team
2,2021-07-31,scores
1,2021-07-31,itinerary
1,2021-07-31,culture
1,2021-07-31,explore
1,2021-07-31,citytour
1,2021-07-31,city
1,2021-07-31,destinationwedding
1,2021-07-31,vacation
1,2021-07-31,heritage
0,2021-07-31,dip
0,2021-07-31,ingredient
0,2021-07-31,baking
0,2021-07-31,cookware
0,2021-07-31,bistro
0,2021-07-31,dessert
0,2021-07-31,dinner
0,2021-07-31,grilling
0,2021-07-31,chef
0,2021-07-31,breakfast
3,2021-08-31,student
3,2021-08-31,university
3,2021-08-31,scholarship
3,2021-08-31,syllabus
2,2021-08-31,skillset
3,2021-08-31,matriculation
3,2021-08-31,degree
3,2021-08-31,curriculum
3,2021-08-31,teaching
4,2021-08-31,alien
4,2021-08-31,planet
4,2021-08-31,martian
4,2021-08-31,blackhole
4,2021-08-31,astronomy
4,2021-08-31,exoplanet
4,2021-08-31,planetaryscience
2,2021-08-31,tournament
2,2021-08-31,records
2,2021-08-31,skateboarding
2,2021-08-31,esports
2,2021-08-31,athlete
2,2021-08-31,cricket
2,2021-08-31,training
2,2021-08-31,league
2,2021-08-31,warmup
2,2021-08-31,local
1,2021-08-31,cruise
1,2021-08-31,destinationwedding
1,2021-08-31,travelcommunity
1,2021-08-31,historical
1,2021-08-31,adventure
1,2021-08-31,itinerary
1,2021-08-31,festival
0,2021-08-31,mealprep
0,2021-08-31,snack
0,2021-08-31,flavor
0,2021-08-31,healthy
0,2021-08-31,preparation
0,2021-08-31,meal
0,2021-08-31,pasta
0,2021-08-31,baking
0,2021-08-31,dinner
0,2021-08-31,vegan
3,2021-09-30,learning
3,2021-09-30,professor
3,2021-09-30,workshop
3,2021-09-30,achievement
3,2021-09-30,scholarship
3,2021-09-30,literacy
3,2021-09-30,exams
4,2021-09-30,cosmicrays
4,2021-09-30,astrophysics
4,2021-09-30,planetaryscience
4,2021-09-30,cosmology
4,2021-09-30,solarsystem
4,2021-09-30,interstellar
4,2021-09-30,spacecraft
2,2021-09-30,agility
2,2021-09-30,boxing
2,2021-09-30,scores
2,2021-09-30,football
2,2021-09-30,recovery
2,2021-09-30,records
1,2021-09-30,meditation
2,2021-09-30,tournament
2,2021-09-30,marathon
2,2021-09-30,performance
1,2021-09-30,adventure
1,2021-09-30,accommodation
0,2021-09-30,sustainable
1,2021-09-30,cruise
1,2021-09-30,citytour
1,2021-09-30,excursion
0,2021-09-30,culinary
1,2021-09-30,flight
1,2021-09-30,transport
0,2021-09-30,lunch
0,2021-09-30,vegan
0,2021-09-30,breakfast
0,2021-09-30,kitchen
0,2021-09-30,preparation
0,2021-09-30,salad
2,2021-09-30,technique
0,2021-09-30,stirfry
0,2021-09-30,barbecue
3,2021-10-31,seminar
3,2021-10-31,internship
3,2021-10-31,tutoring
2,2021-10-31,qualification
3,2021-10-31,coursework
3,2021-10-31,teaching
3,2021-10-31,professor
3,2021-10-31,scholarship
3,2021-10-31,academic
2,2021-10-31,attendance
4,2021-10-31,astrophysics
4,2021-10-31,star
4,2021-10-31,spacewalk
4,2021-10-31,astronaut
4,2021-10-31,nebula
4,2021-10-31,cosmic
4,2021-10-31,planet
1,2021-10-31,expedition
2,2021-10-31,swimming
2,2021-10-31,wrestling
2,2021-10-31,league
2,2021-10-31,referee
2,2021-10-31,scores
1,2021-10-31,meditation
2,2021-10-31,warmup
2,2021-10-31,records
2,2021-10-31,skateboarding
1,2021-10-31,travelagent
1,2021-10-31,cruise
1,2021-10-31,resort
1,2021-10-31,accommodation
1,2021-10-31,adventure
1,2021-10-31,getaway
1,2021-10-31,culture
0,2021-10-31,healthy
0,2021-10-31,stirfry
0,2021-10-31,catering
0,2021-10-31,dinner
0,2021-10-31,dip
0,2021-10-31,flavor
1,2021-10-31,comfort
3,2021-11-30,knowledge
3,2021-11-30,professor
3,2021-11-30,assessmenttool
3,2021-11-30,internship
3,2021-11-30,assessment
3,2021-11-30,innovation
3,2021-11-30,learning
3,2021-11-30,teaching
3,2021-11-30,exams
4,2021-11-30,telescope
1,2021-11-30,expedition
4,2021-11-30,ionosphere
4,2021-11-30,NASA
4,2021-11-30,darkmatter
4,2021-11-30,orbit
4,2021-11-30,gravity
4,2021-11-30,interstellar
4,2021-11-30,cosmic
4,2021-11-30,galaxy
2,2021-11-30,season
2,2021-11-30,athletics
2,2021-11-30,gymnastics
2,2021-11-30,fanbase
2,2021-11-30,hockey
2,2021-11-30,boxing
2,2021-11-30,tournament
1,2021-11-30,vacation
1,2021-11-30,guidebook
1,2021-11-30,explore
1,2021-11-30,wildlife
1,2021-11-30,tour
1,2021-11-30,wanderlust
0,2021-11-30,sustainable
1,2021-11-30,resort
1,2021-11-30,getaway
1,2021-11-30,sightseeing
1,2021-11-30,slowcooker
2,2021-11-30,technique
0,2021-11-30,fusion
0,2021-11-30,stirfry
0,2021-11-30,chef
0,2021-11-30,mealprep
0,2021-11-30,restaurant
0,2021-11-30,gluten-free
0,2021-11-30,kitchen
3,2021-12-31,student
3,2021-12-31,workshop
3,2021-12-31,studyhabits
3,2021-12-31,certification
3,2021-12-31,literature
3,2021-12-31,coursework
3,2021-12-31,literacy
3,2021-12-31,specialization
3,2021-12-31,scholarship
4,2021-12-31,cosmos
4,2021-12-31,aerospace
4,2021-12-31,interstellar
4,2021-12-31,orbiting
4,2021-12-31,probe
4,2021-12-31,orbit
4,2021-12-31,lunar
4,2021-12-31,astronomer
4,2021-12-31,spacestation
4,2021-12-31,mission
2,2021-12-31,competition
2,2021-12-31,injury
2,2021-12-31,highlights
2,2021-12-31,championship
2,2021-12-31,coach
2,2021-12-31,cycling
2,2021-12-31,referee
1,2021-12-31,skiing
1,2021-12-31,photography
1,2021-12-31,explore
1,2021-12-31,historical
1,2021-12-31,citytour
1,2021-12-31,cruise
1,2021-12-31,transport
1,2021-12-31,wildlife
1,2021-12-31,adventuretravel
1,2021-12-31,getaway
1,2021-12-31,sightseeing
0,2021-12-31,dessert
0,2021-12-31,preparation
0,2021-12-31,snack
0,2021-12-31,fusion
0,2021-12-31,soup
0,2021-12-31,stirfry
0,2021-12-31,lunch
0,2021-12-31,cafe
0,2021-12-31,cuisine
1,2021-12-31,international
3,2022-01-31,lectures
3,2022-01-31,evaluation
3,2022-01-31,assessmenttool
3,2022-01-31,university
3,2022-01-31,pedagogy
3,2022-01-31,academic
3,2022-01-31,workshop
3,2022-01-31,literacy
3,2022-01-31,schooling
2,2022-01-31,attendance
4,2022-01-31,rover
4,2022-01-31,wormhole
4,2022-01-31,orbit
4,2022-01-31,spacecraft
4,2022-01-31,satellite
4,2022-01-31,planetaryscience
4,2022-01-31,spacewalk
4,2022-01-31,aerospace
4,2022-01-31,ionosphere
2,2022-01-31,hockey
2,2022-01-31,technique
2,2022-01-31,coach
2,2022-01-31,cycling
2,2022-01-31,swimming
2,2022-01-31,team
2,2022-01-31,esports
2,2022-01-31,fanbase
1,2022-01-31,meditation
2,2022-01-31,championship
0,2022-01-31,sustainable
1,2022-01-31,sightseeing
1,2022-01-31,picturesque
1,2022-01-31,travelblog
1,2022-01-31,culture
1,2022-01-31,accommodation
1,2022-01-31,adventuretravel
1,2022-01-31,nature
0,2022-01-31,snack
0,2022-01-31,fusion
0,2022-01-31,vegan
0,2022-01-31,sauce
0,2022-01-31,catering
0,2022-01-31,pasta
1,2022-01-31,comfort
3,2022-02-28,innovation
3,2022-02-28,assessmenttool
3,2022-02-28,educationpolicy
2,2022-02-28,criticalthinking
3,2022-02-28,evaluation
3,2022-02-28,exams
3,2022-02-28,university
3,2022-02-28,matriculation
3,2022-02-28,scholarship
4,2022-02-28,universe
4,2022-02-28,ionosphere
4,2022-02-28,probe
4,2022-02-28,exoplanet
4,2022-02-28,observatory
4,2022-02-28,astronomer
4,2022-02-28,wormhole
4,2022-02-28,spacecraft
2,2022-02-28,sportsmanship
2,2022-02-28,recovery
2,2022-02-28,baseball
1,2022-02-28,skiing
2,2022-02-28,records
2,2022-02-28,endurance
2,2022-02-28,cycling
2,2022-02-28,training
1,2022-02-28,resort
1,2022-02-28,sightseeing
1,2022-02-28,excursion
1,2022-02-28,picturesque
1,2022-02-28,flight
1,2022-02-28,destinationwedding
1,2022-02-28,getaway
1,2022-02-28,heritage
1,2022-02-28,vacation
0,2022-02-28,ingredient
0,2022-02-28,catering
0,2022-02-28,gluten-free
0,2022-02-28,steak
0,2022-02-28,menu
0,2022-02-28,pasta
0,2022-02-28,cuisine
0,2022-02-28,dinner
0,2022-02-28,cooking
3,2022-03-31,teacher
3,2022-03-31,classmate
3,2022-03-31,internship
3,2022-03-31,seminar
3,2022-03-31,coursework
3,2022-03-31,extracurricular
3,2022-03-31,pedagogy
2,2022-03-31,qualification
4,2022-03-31,rocket
4,2022-03-31,solarsystem
4,2022-03-31,cosmology
4,2022-03-31,celestial
4,2022-03-31,spacecraft
4,2022-03-31,galaxy
4,2022-03-31,cosmos
1,2022-03-31,expedition
2,2022-03-31,records
2,2022-03-31,cycling
2,2022-03-31,sportsgear
2,2022-03-31,team
2,2022-03-31,competition
2,2022-03-31,fanbase
2,2022-03-31,warmup
2,2022-03-31,performance
2,2022-03-31,skateboarding
1,2022-03-31,backpacking
1,2022-03-31,passport
1,2022-03-31,travelblog
1,2022-03-31,journey
1,2022-03-31,wanderlust
2,2022-03-31,local
1,2022-03-31,excursion
0,2022-03-31,culinary
1,2022-03-31,photography
0,2022-03-31,garnish
0,2022-03-31,dinner
1,2022-03-31,international
0,2022-03-31,catering
0,2022-03-31,tasting
0,2022-03-31,baking
0,2022-03-31,restaurant
3,2022-04-30,internship
3,2022-04-30,workshop
3,2022-04-30,lectures
3,2022-04-30,professor
3,2022-04-30,graduation
3,2022-04-30,studyhabits
2,2022-04-30,criticalthinking
3,2022-04-30,coursework
3,2022-04-30,college
4,2022-04-30,NASA
4,2022-04-30,exoplanet
4,2022-04-30,orbiting
4,2022-04-30,extraterrestrial
4,2022-04-30,cosmos
4,2022-04-30,gravity
4,2022-04-30,universe
2,2022-04-30,esports
2,2022-04-30,records
2,2022-04-30,sportsgear
2,2022-04-30,championship
2,2022-04-30,technique
2,2022-04-30,skateboarding
2,2022-04-30,performance
2,2022-04-30,training
2,2022-04-30,referee
1,2022-04-30,itinerary
1,2022-04-30,heritage
1,2022-04-30,destinationwedding
1,2022-04-30,resort
1,2022-04-30,landmark
1,2022-04-30,guidebook
1,2022-04-30,hiking
0,2022-04-30,dinner
0,2022-04-30,cooking
0,2022-04-30,catering
0,2022-04-30,breakfast
0,2022-04-30,garnish
1,2022-04-30,international
0,2022-04-30,bistro
0,2022-04-30,grilling
0,2022-04-30,cookware
3,2022-05-31,literature
3,2022-05-31,tutoring
3,2022-05-31,research
3,2022-05-31,lectures
3,2022-05-31,certification
3,2022-05-31,college
3,2022-05-31,schooling
4,2022-05-31,spacecraft
1,2022-05-31,expedition
4,2022-05-31,extraterrestrial
4,2022-05-31,spacestation
4,2022-05-31,rover
4,2022-05-31,satellite
4,2022-05-31,astronomer
2,2022-05-31,hockey
2,2022-05-31,referee
2,2022-05-31,sportsgear
2,2022-05-31,gymnastics
2,2022-05-31,equipment
2,2022-05-31,records
1,2022-05-31,skiing
2,2022-05-31,boxing
2,2022-05-31,rivalry
2,2022-05-31,warmup
1,2022-05-31,sightseeing
1,2022-05-31,vacation
1,2022-05-31,getaway
1,2022-05-31,transport
1,2022-05-31,transportation
1,2022-05-31,landmark
1,2022-05-31,travelagent
0,2022-05-31,cooking
0,2022-05-31,barbecue
0,2022-05-31,pasta
3,2022-05-31,presentation
0,2022-05-31,menu
0,2022-05-31,dining
0,2022-05-31,dinner
0,2022-05-31,brunch
0,2022-05-31,steak
0,2022-05-31,dessert
3,2022-06-30,seminar
3,2022-06-30,academic
3,2022-06-30,e-learning
3,2022-06-30,literature
3,2022-06-30,scholarship
3,2022-06-30,innovation
3,2022-06-30,achievement
3,2022-06-30,professor
4,2022-06-30,spaceexploration
4,2022-06-30,NASA
4,2022-06-30,solar
4,2022-06-30,gravity
4,2022-06-30,comet
4,2022-06-30,interstellar
4,2022-06-30,ionosphere
4,2022-06-30,gravitation
4,2022-06-30,astronaut
2,2022-06-30,officiating
2,2022-06-30,season
2,2022-06-30,wrestling
2,2022-06-30,skateboarding
2,2022-06-30,sponsorship
2,2022-06-30,tournament
2,2022-06-30,athlete
1,2022-06-30,getaway
1,2022-06-30,travelblog
1,2022-06-30,journey
1,2022-06-30,adventuretravel
1,2022-06-30,eco-tourism
1,2022-06-30,relaxation
1,2022-06-30,picturesque
3,2022-06-30,experience
1,2022-06-30,passport
1,2022-06-30,comfort
0,2022-06-30,dinner
0,2022-06-30,spice
0,2022-06-30,cafe
0,2022-06-30,seafood
0,2022-06-30,bistro
0,2022-06-30,dining
0,2022-06-30,grilling
0,2022-06-30,preparation
0,2022-06-30,snack
3,2022-07-31,literature
3,2022-07-31,extracurricular
3,2022-07-31,pedagogy
3,2022-07-31,achievement
3,2022-07-31,exams
3,2022-07-31,evaluation
3,2022-07-31,classroom
4,2022-07-31,gravity
4,2022-07-31,star
4,2022-07-31,mission
4,2022-07-31,astronomer
4,2022-07-31,stargazing
4,2022-07-31,astrophysics
4,2022-07-31,orbiting
4,2022-07-31,cosmic
4,2022-07-31,aerospace
4,2022-07-31,martian
2,2022-07-31,baseball
2,2022-07-31,match
2,2022-07-31,coach
2,2022-07-31,training
2,2022-07-31,cycling
2,2022-07-31,scores
2,2022-07-31,football
1,2022-07-31,cruise
1,2022-07-31,passport
1,2022-07-31,tour
1,2022-07-31,travelagent
2,2022-07-31,budget
1,2022-07-31,accommodation
3,2022-07-31,experience
1,2022-07-31,destinationwedding
1,2022-07-31,destination
1,2022-07-31,wanderlust
0,2022-07-31,soup
0,2022-07-31,dining
0,2022-07-31,spice
0,2022-07-31,barbecue
0,2022-07-31,tasting
0,2022-07-31,catering
0,2022-07-31,garnish
3,2022-08-31,textbook
3,2022-08-31,seminar
2,2022-08-31,criticalthinking
3,2022-08-31,literature
3,2022-08-31,tutoring
3,2022-08-31,research
3,2022-08-31,literacy
3,2022-08-31,classmate
4,2022-08-31,telescope
4,2022-08-31,planet
4,2022-08-31,cosmic
4,2022-08-31,martian
4,2022-08-31,stargazing
4,2022-08-31,ionosphere
4,2022-08-31,cosmicrays
2,2022-08-31,team
2,2022-08-31,boxing
2,2022-08-31,football
2,2022-08-31,officiating
2,2022-08-31,rivalry
2,2022-08-31,sportsgear
2,2022-08-31,match
2,2022-08-31,tournament
2,2022-08-31,scores
2,2022-08-31,baseball
1,2022-08-31,guidebook
1,2022-08-31,adventure
2,2022-08-31,budget
1,2022-08-31,backpacking
1,2022-08-31,eco-tourism
1,2022-08-31,transportation
1,2022-08-31,explore
1,2022-08-31,hiking
1,2022-08-31,beach
0,2022-08-31,cooking
0,2022-08-31,catering
0,2022-08-31,recipe
0,2022-08-31,breakfast
0,2022-08-31,pasta
0,2022-08-31,meal
0,2022-08-31,snack
2,2022-09-30,criticalthinking
3,2022-09-30,innovation
3,2022-09-30,schooling
3,2022-09-30,syllabus
3,2022-09-30,assessment
2,2022-09-30,attendance
3,2022-09-30,assessmenttool
3,2022-09-30,homeschooling
3,2022-09-30,university
4,2022-09-30,mission
4,2022-09-30,cosmicrays
4,2022-09-30,planet
4,2022-09-30,galaxy
4,2022-09-30,observatory
4,2022-09-30,cosmos
4,2022-09-30,astronomer
4,2022-09-30,spacestation
4,2022-09-30,launch
2,2022-09-30,league
2,2022-09-30,team
2,2022-09-30,cricket
2,2022-09-30,fanbase
2,2022-09-30,warmup
2,2022-09-30,swimming
2,2022-09-30,equipment
1,2022-09-30,vacation
1,2022-09-30,itinerary
1,2022-09-30,destinationwedding
1,2022-09-30,heritage
1,2022-09-30,travelblog
1,2022-09-30,eco-tourism
1,2022-09-30,explore
1,2022-09-30,transportation
0,2022-09-30,dip
0,2022-09-30,kitchen
0,2022-09-30,pasta
0,2022-09-30,seafood
1,2022-09-30,comfort
0,2022-09-30,chef
0,2022-09-30,stirfry
3,2022-10-31,literacy
3,2022-10-31,knowledge
3,2022-10-31,university
3,2022-10-31,exams
2,2022-10-31,onlinelearning
3,2022-10-31,extracurricular
3,2022-10-31,research
3,2022-10-31,evaluation
4,2022-10-31,star
4,2022-10-31,astronaut
4,2022-10-31,nebula
4,2022-10-31,spacewalk
4,2022-10-31,blackhole
4,2022-10-31,astronomy
4,2022-10-31,wormhole
4,2022-10-31,astrophysics
2,2022-10-31,officiating
1,2022-10-31,meditation
2,2022-10-31,performance
2,2022-10-31,rivalry
2,2022-10-31,sponsorship
2,2022-10-31,championship
2,2022-10-31,esports
2,2022-10-31,league
0,2022-10-31,sustainable
1,2022-10-31,cruise
1,2022-10-31,adventure
1,2022-10-31,accommodation
1,2022-10-31,resort
1,2022-10-31,citytour
1,2022-10-31,photography
1,2022-10-31,itinerary
0,2022-10-31,catering
2,2022-10-31,technique
1,2022-10-31,slowcooker
0,2022-10-31,dinner
0,2022-10-31,fusion
0,2022-10-31,cuisine
0,2022-10-31,flavor
0,2022-10-31,vegetarian
0,2022-10-31,sustainable
3,2022-11-30,innovation
3,2022-11-30,schooling
3,2022-11-30,exams
3,2022-11-30,learning
3,2022-11-30,internship
2,2022-11-30,onlinelearning
3,2022-11-30,academic
3,2022-11-30,teacher
4,2022-11-30,solar
4,2022-11-30,celestial
4,2022-11-30,star
4,2022-11-30,astronomy
4,2022-11-30,cosmology
4,2022-11-30,alien
2,2022-11-30,spaceshuttle
1,2022-11-30,expedition
2,2022-11-30,tournament
2,2022-11-30,esports
2,2022-11-30,marathon
2,2022-11-30,rugby
2,2022-11-30,competition
2,2022-11-30,referee
2,2022-11-30,equipment
2,2022-11-30,athlete
2,2022-11-30,football
2,2022-11-30,hockey
1,2022-11-30,resort
1,2022-11-30,vacation
1,2022-11-30,adventuretravel
1,2022-11-30,vacation
1,2022-11-30,destinationwedding
1,2022-11-30,cruise
1,2022-11-30,beach
1,2022-11-30,backpacking
1,2022-11-30,excursion
0,2022-11-30,dinner
0,2022-11-30,grilling
0,2022-11-30,dip
0,2022-11-30,garnish
0,2022-11-30,preparation
0,2022-11-30,dining
0,2022-11-30,tasting
0,2022-11-30,brunch
0,2022-11-30,vegetarian
0,2022-11-30,fusion
3,2022-12-31,student
3,2022-12-31,coursework
3,2022-12-31,lectures
3,2022-12-31,professor
2,2022-12-31,criticalthinking
3,2022-12-31,university
3,2022-12-31,academic
2,2022-12-31,onlinelearning
4,2022-12-31,gravity
4,2022-12-31,astronaut
4,2022-12-31,spaceexploration
4,2022-12-31,extraterrestrial
4,2022-12-31,rocket
4,2022-12-31,gravitation
4,2022-12-31,cosmology
4,2022-12-31,launch
4,2022-12-31,satellite
2,2022-12-31,gymnastics
2,2022-12-31,performance
2,2022-12-31,team
2,2022-12-31,tournament
2,2022-12-31,hockey
2,2022-12-31,marathon
2,2022-12-31,sportsgear
2,2022-12-31,championship
2,2022-12-31,injury
1,2022-12-31,guidebook
1,2022-12-31,destinationwedding
0,2022-12-31,culinary
1,2022-12-31,festival
1,2022-12-31,heritage
1,2022-12-31,tour
2,2022-12-31,local
0,2022-12-31,garnish
0,2022-12-31,restaurant
0,2022-12-31,bakery
0,2022-12-31,healthy
0,2022-12-31,recipe
0,2022-12-31,preparation
0,2022-12-31,lunch
0,2022-12-31,cooking
